{
  "execPath": "C:/Users/thoma/.platformio/packages/toolchain-atmelavr/bin/avr-g++.exe",
  "gccDefaultCFlags": "-fsyntax-only -std=gnu11 -fno-fat-lto-objects -Os -Wall -ffunction-sections -fdata-sections -flto -mmcu=atmega328p -DPLATFORMIO=30605 -DARDUINO_AVR_UNO -DF_CPU=16000000L -DARDUINO_ARCH_AVR -DARDUINO=10805 -D__AVR_ATmega328P__",
  "gccDefaultCppFlags": "-fsyntax-only -fno-exceptions -fno-threadsafe-statics -fpermissive -std=gnu++11 -Os -Wall -ffunction-sections -fdata-sections -flto -mmcu=atmega328p -DPLATFORMIO=30605 -DARDUINO_AVR_UNO -DF_CPU=16000000L -DARDUINO_ARCH_AVR -DARDUINO=10805 -D__AVR_ATmega328P__",
  "gccErrorLimit": 15,
  "gccIncludePaths": "C:/Users/thoma/.platformio/packages/framework-arduinoavr/cores/arduino,C:/Users/thoma/.platformio/packages/framework-arduinoavr/variants/standard,C:/Users/thoma/.platformio/packages/framework-arduinoavr/libraries/__cores__/arduino/Wire/src,C:/Users/thoma/.platformio/packages/framework-arduinoavr/libraries/__cores__/arduino/EEPROM/src,C:/Users/thoma/.platformio/packages/framework-arduinoavr/libraries/__cores__/arduino/HID/src,C:/Users/thoma/.platformio/packages/framework-arduinoavr/libraries/__cores__/arduino/SPI/src,C:/Users/thoma/.platformio/packages/framework-arduinoavr/libraries/__cores__/arduino/SoftwareSerial/src,C:/Users/thoma/.platformio/packages/toolchain-atmelavr/avr/include,C:/Users/thoma/.platformio/packages/toolchain-atmelavr/lib/gcc/avr/5.4.0/include,C:/Users/thoma/.platformio/packages/toolchain-atmelavr/lib/gcc/avr/5.4.0/include-fixed,C:/Users/thoma/.platformio/packages/tool-unity,C:/Users/thoma/Documents/GitHub/bachelorproef_billy/code_Thomas/pid_en_motorclass/include,C:/Users/thoma/Documents/GitHub/bachelorproef_billy/code_Thomas/pid_en_motorclass/src",
  "gccSuppressWarnings": false
}
